Peptide	IC50.nM.	class
NFFHASLAY	64.1	1
YQKKNASVY	330	1
AAFLDDNAF	106.43	1
IQNKLSSTF	24	1
KLAEIFQPF	101.91	1
FAAAAARTL	296	1
MQQSGDEAF	200.3	1
KLRKKSSFY	88.9	1
GLGGDASAY	299.95	1
LQKVPHTRY	476.05	1
IQAGVDRFY	189	1
FQVNRFTGY	9.7	1
YFRNSGMTY	85.27	1
TVSPSAPTY	67.5	1
KTIQGGLGW	237	1
VMLDWGIEL	267	1
KLEGKIVQY	125.5	1
RMGAAVTPY	98.8	1
SQHNYRPGY	22	1
RGRAATMAL	86.88	1
QLFIKDYRY	73	1
FQLYSDLAH	68.2	1
FVFEATKLY	17.7	1
SQLEMCEKY	299.1	1
KVAAAGVSY	165	1
YVRGYLRGY	151.85	1
MQLQLNCAY	112.3	1
LLKPGGVQW	386	1
YLCEDTITY	196.5	1
VAGGTSSVY	129	1
WQFGPSTYY	16	1
ALEPGFKDY	482.05	1
IQGTLAKAY	215.15	1
TTFPVNGGY	164.7	1
ILSPHNVVT	228	1
KIFEYGFTF	228.75	1
GLVECNNHY	181.7	1
LLRDKDGVY	69.3	1
AFMATNKAY	94.4	1
AVLLHEESM	429.35	1
LMLADHPEY	312.6	1
LSDDAVVCY	473.7	1
FTERSDKSY	496.6	1
ITAGYNRYY	108.47	1
FVSVYFSDY	250.4	1
FLFMDRDAL	86	1
SSLPSYAAY	52.57	1
GQWDGWVWL	205.5	1
RLFFIDWEY	296	1
FSVQRNLPF	45	1
KLQLKGMSY	110.5	1
LQIPFAMQM	180.5	1
YLAGAGLAF	10.4	1
LMQWWSDYV	234.2	1
SQKHFDTWW	472.9	1
YQHLHTAPK	398.65	1
QQYHRFGLY	7	1
IVFATAARY	160.3	1
KMTPWSAYW	56.89	1
VVAVGGLAI	144.3	1
FVIGGMTGV	249.3	1
KQIANELNY	112.1	1
LAEQFSGEY	374.45	1
NQQVTNSKY	80.3	1
NLKLYGAEF	132.9	1
RQLESRLGY	146.1	1
AQAVMEMTY	55.5	1
KIISEIGQL	222.7	1
YTAVVPLVY	409.5	1
KQFDTYNLW	241.5	1
YMIKLAKEV	360.85	1
FVRQCFNPM	171	1
AENGWGFYF	284.65	1
KQINPPTVY	66	1
HTAEIQQFF	90.58	1
VQQESSFVM	67.38	1
PQVLGGLSF	475.4	1
AQIDNYNKF	1	1
RLAELIGPA	332.5	1
IQTHCEVGY	285.1	1
QLQANRRAY	23	1
IQVNKGVAY	102.5	1
KTIECSKEL	468.35	1
YLDDPDLKY	436.53	1
FQHERLGQF	20.4	1
QARQMVQAM	316	1
QQSEARRML	109.4	1
KQYNVTQAF	87.07	1
ISLEAGQRF	363.25	1
NIRQAGVQY	14	1
LQSLENVAY	161	1
ALMEITSRY	90.5	1
VMKRNFIDF	84.39	1
LLVAPAYSF	137	1
WQQWDRQSL	126.6	1
TVLDVGDAY	170	1
RLYYDSMSY	129.95	1
NQECWDSVF	372.7	1
ILGDTAWDF	273.5	1
AQLYAYAGF	71.6	1
VQGYERIMY	271.15	1
RLKTATYTF	93.81	1
SVKERGPAY	178.9	1
KSNEKNMDF	215.2	1
SQEAEFTGY	94	1
GMFGGCFAA	161	1
YQPEREKVY	79.5	1
IQRDQVTDY	239.15	1
GMHHLYREY	134.9	1
LQKGGVIVY	478.17	1
KSCLPACVY	482	1
AMIDRLHQT	272.8	1
RMYGISPWT	454.85	1
GVIMPNGSY	29	1
TQFESLKIY	210.9	1
IIMEEGNSI	243	1
QAFEAGIDF	76.6	1
WSILRQRCW	93.37	1
IMDEPTSSL	172.6	1
KTFSAHNLF	92	1
GMKRSFYVY	402.5	1
RVMAPRALL	102.5	1
RLKPVGSAY	357.35	1
AQNAISTTF	89	1
YTYPCIPEY	126	1
GQTGVIADY	129	1
VQLQEYDTY	199.1	1
EQNWDWNRY	128.6	1
VVQDPKNVY	173.5	1
GLVRALTAF	254.8	1
FHMDPSGTF	464.65	1
YQYPRDTHY	33.5	1
KVYWAGIEF	132.6	1
AQRPAKYSY	132.8	1
RMLPKLAEF	82.48	1
IMGIPYCNY	43	1
YMTLQAVTF	354.2	1
ELYPTVNTY	227.8	1
RTWHYCGSY	68	1
FLRGRAYGI	187.45	1
VMETENALF	300.95	1
TSNPKTPKY	393.3	1
WQFAIHYSF	130.3	1
TMLYNKMEF	118	1
TLASIGTAF	341.6	1
HERPVILSL	169.05	1
IMYDSGAKY	33.7	1
VIQLNRKSY	105	1
EQFPNATAF	42.33	1
KVMALPIPH	451.55	1
WSFLEDRVY	41.98	1
IAQLNRPAM	324.4	1
GQFGSGWTW	137.7	1
ILGPPGSVY	40.68	1
SQIETGTPF	14	1
LLWYRRGTF	359.7	1
ALSTGAGAY	435.9	1
VQLDWQGDY	162.05	1
KLIADSIDF	67.5	1
YIFRNTINM	298.45	1
LLFLPKAAY	99.4	1
GMMGGLWKY	31.3	1
ILGRYLPEF	150.5	1
AMAAAAAPY	294.4	1
ILLRKGHVF	114.93	1
VLFKTESGF	11.8	1
ITFHNQRDF	146.4	1
IMDASSFTL	138.5	1
TMKEGWIVY	179.5	1
GMKAFTAAV	59	1
AMFEEQNQW	16.7	1
MSNEGSYFF	64	1
KQFKQDAKY	172.7	1
ELNITSATY	458.6	1
NQLYLTVSF	411.5	1
STGPLHGCK	20000	0
RLWNGRRCR	20000	0
VKKLWGHLP	20000	0
ATTHSWIPK	20000	0
AIQIQMFEA	20000	0
GSFKEYVFW	5692	0
QATAQAAAY	6054.5	0
WASRELERF	20000	0
EKPKFLPDL	20000	0
TFDVAPSRL	20000	0
NSDYMMWVG	20000	0
MTNRQFHQK	20000	0
PSEVSPIAQ	20000	0
RLRQLPKKK	20000	0
KRFQPFQQF	20000	0
GPGHKARVL	20000	0
YRYTYRCHR	20000	0
ARADGILRF	20000	0
KTTFKPNTW	20000	0
SVPEPAAGI	20000	0
DFDGTPRLY	20000	0
GRPNCFQIV	20000	0
YFSGIMVRL	20000	0
RRATAILRK	20000	0
WMLGTGVYL	2947	0
HIPEVCLKW	20000	0
FIKDYRYTY	2746	0
YRYGFVANF	3268	0
IVDCLTEMY	1091.5	0
FVDGVPFVV	20000	0
IPRRIRQGL	20000	0
YGDTEAICR	20000	0
YFFVKWIGK	20000	0
ETIEEPAVE	20000	0
WAGIWGGKL	20000	0
APYFATVRL	20000	0
TYYPQVVLG	20000	0
ILGETAWDF	524.7	0
RYFSVTRPL	20000	0
EHAGVISVL	20000	0
RRVSGCVSV	20000	0
ETIFTVLAL	20000	0
ASSWAPTQK	20000	0
SHEGEGIPL	20000	0
AHGWSTFYL	20000	0
FLADYRGKT	20000	0
LSDHQDLKW	20000	0
DAYRRIHSL	20000	0
GPRRAAWRI	20000	0
DISPTNIPL	20000	0
ATFSRPGSL	3287	0
SKGETVNPL	20000	0
DTDISQLHH	20000	0
GYTPGQQFY	20000	0
GVPPKVVSY	2559.3	0
FPRGQGVPI	20000	0
STDHIPILY	20000	0
KNDAVYIGY	20000	0
AEFWDVFLS	20000	0
FKNSVFYSV	20000	0
ILYVSCNPA	747.5	0
SSEQTFMYY	1416	0
KTQEPPQVA	20000	0
VVDKYFDCY	20000	0
RLITVYVQA	20000	0
RNEQGQTLW	20000	0
AIKCVDIVK	20000	0
SEYKAAGYL	20000	0
RQIQVEGLK	1874	0
GHLENNPAL	20000	0
SRWGYQVKH	20000	0
FSDARLAKL	20000	0
RSFAERLDR	20000	0
DLAAGVDVV	20000	0
NGYRWQHQI	20000	0
GVFELSDEK	20000	0
RPPEVDGNR	20000	0
ISYTYNDNW	20000	0
SYLIRALTL	20000	0
KVCRTLLAK	20000	0
KTPWDRFCK	20000	0
THADVPVVL	20000	0
ALGYTTEEI	20000	0
EADPTGHSY	13540	0
RPPIFIRRL	20000	0
YHFDPVHHL	20000	0
DRYPANAIV	20000	0
VMLLDIDYF	726.05	0
AITTPQMTL	13950	0
ATLLSQVEV	20000	0
HLGGFVHAC	20000	0
RMGVKSQLL	1279.5	0
RPWMLDKYF	20000	0
KLMPICMDV	2541	0
GRGQILLGK	20000	0
QQLEADYTF	1025.15	0
TPVWHVTSA	20000	0
AVLQSGFRK	20000	0
TAVPWNASW	20000	0
KMSEYKGPV	6666.5	0
MRVLHLDLK	20000	0
DTKCKNNYF	20000	0
YATVAGHEG	10453.5	0
NPNSPSITY	5622.5	0
RIKQIINMW	20000	0
EIPGSPGSY	20000	0
GTLSYDNLK	20000	0
ASDRISGIL	5163	0
RRRIGEIFK	20000	0
VHTQKKDLY	20000	0
ARYGIFLPF	3085.33	0
ICDDVLSKY	20000	0
AVAVHDFFK	20000	0
RPRIRLSAP	20000	0
HFQKDAKVL	2656	0
DLPPAIAAE	10000	0
SRKKGFLGL	20000	0
GVKGFSFKY	20000	0
ERSDKSYEH	20000	0
RFEAYGWQV	20000	0
RPKSNIVLL	20000	0
MEIYIWDHD	20000	0
KGPDKLQVY	2419	0
GYSFSIPGY	547.6	0
WLWVSSSDM	1373.5	0
RAPKVRLSL	7169	0
HRDGKPRYL	20000	0
FRNQVKIRR	20000	0
NESGRLIDF	20000	0
WGKEAVNHF	1717.9	0
IAIPAHVRL	1807	0
GEVGLDLTV	20000	0
GRNSRFPDK	20000	0
NRRFVNVVP	20000	0
SSSLTSLLK	20000	0
STHMENILK	20000	0
QLQCHQIAI	7264.5	0
LMTAISQGI	1997.5	0
SADPLASLL	20000	0
FPRSAERAG	20000	0
ARLGKGYMF	20000	0
EGFLKAAMF	20000	0
CLWLLTLGL	20000	0
IHESVIGQL	20000	0
DPSMLRTTA	20000	0
RRGPEQTQG	20000	0
NMERKLNLS	20000	0
GLENGLNYI	20000	0
LPYPDPSRI	20000	0
KSAQVPLPL	1031.85	0
NSDDYTADE	20000	0
WTDLYTSMS	20000	0
RYQRMTGGY	1345.5	0
GHYTHITAK	20000	0
KCDICTDEY	20000	0
KRMGVQMQR	20000	0
CHKGWGVSV	20000	0
KEKGPIFRD	20000	0
ALWEIQQVV	869.15	0
PPSGKGGNY	20000	0
GRNSFEVRV	20000	0
IRNLVKRYK	20000	0
LPEFERRTL	20000	0
HLAGFIHAC	2278.5	0
VRFPNITNL	20000	0
ITDVQDMDP	20000	0
VMTEGRHAV	3695.5	0
KLQWLFAAL	797.8	0
MKWGMEMRR	20000	0
RRKTNLYGF	20000	0
DSDPMDGCE	20000	0
RVFNNYMPY	560.95	0
RPVSPGKDI	20000	0
ATISYRIKL	20000	0
NANPDCKTI	20000	0
PPQATAKYL	20000	0
RTRFFCIPK	10000	0
FLPGQYMNI	20000	0
RVDFCGKGY	1087.15	0
SSECQGEML	20000	0
ATHKAPQPA	20000	0
RYDYANLCQ	20000	0
FAANPNSQV	20000	0
IHKPRPPAT	20000	0
QTHFPQFYW	41510	0
MPASWVMRI	20000	0
ATPQDLNTM	20000	0
LVMAPRTVL	731	0
RVNKGTGVK	4454	0
IASLTGWQW	16000	0
ATNNVFRLK	20000	0
CQTYKWETF	10000	0
KLFIRQEEV	14890	0
RLYEWQHVS	2569	0
EIIELTRTL	20000	0
YLDADREFL	20000	0
GMDPRMCSL	20000	0
GRSLEDDIR	20000	0
YTPLNYSKF	1425.5	0
GVNACQVGV	20000	0
SQEDNHFSL	2791	0
RPRGHREFC	20000	0
RPYGKFRAM	20000	0
ASDPSFPDI	20000	0
MVDESMMMS	20000	0
RVRIERGPR	20000	0
DIIRAHPWF	16615	0
GRRATAILR	20000	0
ADFKLFFRW	20000	0
APTGDLPRA	20000	0
HHIPNGVVW	20000	0
DWSGYSGSF	10000	0
TLVPQEHYV	20000	0
YTDDYPMYK	20000	0
AAGLPAIFV	20000	0
VVISKKDTY	20000	0
VNGVKGIQF	20000	0
AYSPFAFKK	20000	0
SPAIFQSSM	20000	0
AYLLQHLDL	20000	0
VTTEVAFGL	20000	0
WRDDSRGRW	20000	0
TTRAWFDKK	20000	0
ALIVAIWDK	20000	0
DLSNSMRDF	20000	0
FRKEFTKLE	20000	0
DTFGVIDTM	20000	0
HRIQEELFY	6287	0
VMGGNAAEA	20000	0
EVWGMRWPI	20000	0
RRRQWASCM	20000	0
IRHENRMVL	20000	0
AEHDPWWAV	20000	0
EFIYWDWLY	20000	0
EHFYWGSVF	1890	0
YIALGRARV	20000	0
GYLNACGHF	20000	0
EISGLRPGE	20000	0
VGYVDDTQF	571.5	0
ERLQICQRK	20000	0
AEIDRSFKP	20000	0
KLGDQFGRK	20000	0
IVLLCYGGW	6176	0
PAHKSQLVW	20000	0
IAFCNWAFV	20000	0
TVANNPDDK	20000	0
FPEHIFPAL	20000	0
EEIDWIKTD	20000	0
EFDNYRGTI	20000	0
EEVWRDPYL	20000	0
EEFTMVGRR	20000	0
ALASFLFGF	745	0
VFLPNTHNL	20000	0
RPLLARMPE	20000	0
FGSGWTWVV	20000	0
HIMPNSFRV	20000	0
CADGTRHTY	1259.4	0
GRDHVRVTL	20000	0
ASLPTTIAK	20000	0
LPLIVDTAA	20000	0
GPATAQMAL	20000	0
IPLTEEAEL	20000	0
SSNVANYQK	20000	0
ITGQIIFGF	20000	0
EAFPYEITE	20000	0
RFSFNCSMK	20000	0
KLFAAETLK	21275	0
KTFPPTEPK	20000	0
PTKCGENLY	2359	0
DFPIFNQRY	20000	0
TSSDTYACW	20000	0
NAHEGQLVI	20000	0
SRALLLNKY	16495	0
EPIVGAETF	20000	0
AIKPITDQF	20000	0
KLRQGNTLV	20000	0
SEGDDDGSR	20000	0
PSSKPDWFY	15155	0
GKFFAQAFL	20000	0
LLKDLMPFV	9230	0
EKFFPSSSY	1116	0
GLKRGGVLL	919.05	0
SRLKPSSFK	20000	0
KSDGTGTIY	847.8	0
FPVTPQVPL	20000	0
ELLSHVGQA	20000	0
RQFVSNNGK	1970.5	0
FTDGVCLFW	20000	0
SPRTLNAWV	20000	0
ATDFKFAMY	4097.5	0
HVPTRGTAM	5000	0
MRIPVERTL	20000	0
AMVPLVMVI	833.5	0
FIFGKMGAG	20000	0
AFASLQDML	20000	0
FPREGVFVF	2137.5	0
VTFQGKFKK	20000	0
EVIPYTPAM	4763.5	0
YQTDSGCWY	1342.8	0
QPEWFRNVL	20000	0
KYDDRIQSQ	20000	0
PEIRRWIIF	20000	0
MEFEPFQSL	2652	0
YLGPTIRVW	1223	0
NWDWGVFFK	20000	0
YSDIPRLKK	20000	0
YFSDVSAPV	704.5	0
VPAPAGPIV	20000	0
LTLKPCHAL	20000	0
STEIGLLVG	20000	0
EVMPVSMAK	20000	0
DYIYLPLLK	20000	0
ILHCANFNV	20000	0
PTDYMSSKL	20000	0
RLLRMNNEN	20000	0
YPKCDLVEL	20000	0
FMHSAAPIT	1923.5	0
TMPELAWAV	20000	0
CTDDNALAY	20000	0
KVIQPRVEK	20000	0
AIPYFYKGK	20000	0
ETVNFVPNY	20000	0
GLYEAIEEC	20000	0
IIANARIEV	10625	0
PSEDEQQGH	20000	0
QTPGVKIAP	20000	0
YPAEITLTW	20000	0
APIEHIASM	20000	0
FHLRSRFAF	20000	0
VPRVHNQPQ	20000	0
TLAAAANSY	570.8	0
KTTIKFHPW	20000	0
AANEIRISK	20000	0
FFGWEGVGV	20000	0
LTDDMIAAY	635.9	0
DQFSIPIRY	579.2	0
TVNVILRPK	20000	0
RGINDRNFW	20000	0
NMAPEKVDF	1541	0
DPSGAYFAW	20000	0
SLAIDAYPL	1076.7	0
SALNHTKKW	20000	0
MSSAMSMMH	2580.5	0
YLHRDIFDI	8639	0
DMYDQQLSV	20000	0
AISAQVAAY	1270.7	0
YQRPFGGQS	3714.5	0
LFMSHVKSV	15245	0
QTSTLYDFY	1709.5	0
CYDLMSFLE	20000	0
MGRDIKVQF	2000	0
SMELPSFGV	20000	0
ATQPVHWFL	20000	0
RRFQHKDGH	20000	0
YFDPANGKF	20000	0
RHIAIQVCY	1731.5	0
ISNQEPLKL	20000	0
NMLREGLSP	20000	0
MTMRRRLFK	20000	0
RLEDVFAGK	20000	0
ASHFISNSW	11397.5	0
DPRDDLSGM	20000	0
DYPDDFMDK	20000	0
HEKGINPNY	541	0
EEQTDPKTL	20000	0
WYETVKVNY	20000	0
GSDGGLDDY	20000	0
LYQPSSGCY	1074.5	0
GLAGLQTDV	20000	0
RKAGVNQAK	20000	0
KMQRMLLEK	40280	0
RRTPRVSWK	20000	0
RRHWGGNVL	20000	0
DYVPTNKWV	20000	0
EIKFNDITF	20000	0
FLHPKHWGT	20000	0
VRDPKTSEI	20000	0
NLGDKQDTF	5000	0
ETFNTPAMY	554.45	0
TCDGNTFTY	20000	0
ISNYICVAW	2929.33	0
GKIKGKYSY	20000	0
LPHQPLATY	2352.5	0
ALYWALMES	20000	0
VLPPLSADL	20000	0
DLNKVIQFL	20000	0
ELDEIGEDV	20000	0
VTDGGEVGE	20000	0
FADINGKLY	3140	0
ITWETPMIW	20000	0
EHGIVIRAF	20000	0
LIFPAFFLC	20000	0
LLTEVETYV	20000	0
ADLRFASEF	930.35	0
NLEPGTFDL	20000	0
RSEVELCIY	6276	0
SYINRTGTF	584	0
TPYDINQML	20000	0
EEMATKADY	1455	0
SYPPPPASF	10000	0
DLLENLQAY	2687	0
RRVRDNMTK	20000	0
APRQPGLMA	20000	0
NPDIVIYQY	20000	0
FMSLQSGDV	20000	0
VLWAHGFEL	617.4	0
NILVAGNLI	20000	0
RVRQLDESI	1093.5	0
EVHIYYLEK	20000	0
ALMRWRHPR	20000	0
FLILCSVLL	20000	0
STDTRHIPQ	20000	0
AEGTGITHL	20000	0
KIRLGFHWK	20000	0
APRTVALTA	20000	0
RRQWVLAFR	20000	0
ISEPMFHQG	20000	0
AYGSRFHEW	98055	0
RPPGCTFPA	20000	0
FRYMNSQGL	20000	0
NPALRMKWM	20000	0
LLQEKYGLI	20000	0
CFMYSDFHF	20000	0
RHYSASFKK	20000	0
MSDIFHALV	20000	0
RDALGRTAL	20000	0
MCFHQHLMY	1436	0
ASYRLCLYR	20000	0
NPKTPKYKF	20000	0
FYKRKAMAW	20000	0
AQKLATKPV	715.6	0
KMVGTVQRV	662.4	0
YIFWIRTPR	20845	0
TIPTNIPTL	20000	0
YINMAWNLV	20000	0
NPVPVGNIY	20000	0
KLNHHKPPT	20000	0
SVKEKDMTK	5000	0
IVAWTRTAT	20000	0
AYYWNQNGF	25085	0
YHGEAMAIG	20000	0
KRVDWSVEY	2720.5	0
GVFKVWHPI	20000	0
VVNYDNSTK	20000	0
LYDYKENRF	20000	0
SRDKTIIMW	20000	0
PVDEYITTY	20000	0
WPWNAREDV	20000	0
YYLEKANKI	20000	0
KAVRGDLNF	929	0
SRARIKTRL	20000	0
IYYLEKANK	20000	0
THYPTQNRF	20000	0
VSPLAVTWW	2198	0
AMHYIRHRA	20000	0
EEIRRIWRQ	20000	0
KPRSPVVEL	20000	0
FAAFYFVFI	20000	0
HFDDVANGF	20000	0
FTFDNSKFV	20000	0
SVMPAWQEK	20000	0
LGYPFAWFL	20000	0
IHDHGEQLF	20000	0
RPMTYKAAL	20000	0
ISVQPLWEW	20000	0
AMAETGCDA	661.03	0
FRISGRGGK	20000	0
HPDIVIYQY	1510	0
ILKGKFQTA	5723	0
ISSGETRSF	3604.9	0
RPASAGAML	20000	0
TSPDLSFSL	84550	0
KTNDFAPAW	5000	0
WMQELRAGA	2636.5	0
LVYNHCEHG	20000	0
TYQWIIRNW	20000	0
KLLQICMWF	16605	0
YAEISFMLW	20000	0
LLPYPIAGC	20000	0
PLWESATEV	20000	0
DFIGKTIGF	20000	0
RRQGNIYPK	20000	0
GSDKQVVGQ	20000	0
GSEDRDLLY	20000	0
AEFPVGSTA	20000	0
FVRSSNLKF	8000	0
IADMGHLKY	4093.5	0
IIMFDAEKL	3350	0
LSEEIGLDL	20000	0
LMPLARFWL	5779	0
MKWMMAMKY	20000	0
EPEPHILLF	20000	0
TMKFKGTVD	20000	0
ILWGYGFLQ	20000	0
GLMWLSYFV	20000	0
FPGEKRVSK	20000	0
AFGLFWLVW	20000	0
ETDVMTRGQ	20000	0
QHTRRVSVL	20000	0
KVGVYKMHK	20000	0
KLPRMFLPK	20000	0
APRALLLLL	20000	0
SPRYIFTML	20000	0
PLVQQEDDK	20000	0
TVYPKTHYV	2011	0
QYDDLHKKF	47520	0
SYGNANVSF	1140	0
EEDLPVTWR	20000	0
FHNNWGATL	20000	0
APILVVSGI	20000	0
KFFPSSSYR	20000	0
LMAEDLANV	7686	0
HEGEGIPLY	20000	0
AVDPAKAYK	20000	0
SRIGAWASK	20000	0
HSSVAGGLW	20000	0
SRYWEPEFY	20000	0
RLTGREGAV	20000	0
SPADERAVA	5000	0
IAGFIEGGW	20000	0
WPISAILWF	20000	0
PHYNNPWNT	20000	0
IPSINVHHY	20000	0
IYSAEFKNY	19990	0
IVDYVTAYG	20000	0
RTDPVIDNI	20000	0
ERPAFGIQK	20000	0
DVSPLMHLF	22195	0
QPQQSPQFF	20000	0
HPLSHFVNL	20000	0
KLWAQCVQL	20000	0
KTNFQNHKG	20000	0
VPPTNSINK	10000	0
GRLQSLQTY	20000	0
DYAMHGTVF	3804	0
RPRHQGVMV	20000	0
IQCAGSEEK	20000	0
GRYSVRYVR	20000	0
RPQLGVGDV	20000	0
RTGDIGCFK	20000	0
VMCIQMKYV	20000	0
RLFFKCIYR	20000	0
TFMYVFSTF	694.7	0
AYQQGVKTL	94965	0
VLTGNLQTL	20000	0
TPKGPKVKY	20000	0
RMFLAMITY	1224	0
YQYIFLSFF	3064	0
EIPQFMIGL	20000	0
LIPDGDGEV	20000	0
PPIPVGDIY	20000	0
